Nom_du_monument,Nom_image,Chemin_image,Description
01.Stonehenge,02fe92a9489014fe.jpg,images/01.Stonehenge/02fe92a9489014fe.jpg
01.Stonehenge,04d1a195c7e6c899.jpg,images/01.Stonehenge/04d1a195c7e6c899.jpg
01.Stonehenge,0617f09eded2ffd9.jpg,images/01.Stonehenge/0617f09eded2ffd9.jpg
01.Stonehenge,08907936e34608e3.jpg,images/01.Stonehenge/08907936e34608e3.jpg
01.Stonehenge,0b9cee1262de75c9.jpg,images/01.Stonehenge/0b9cee1262de75c9.jpg
01.Stonehenge,0dc994e6157dd724.jpg,images/01.Stonehenge/0dc994e6157dd724.jpg
01.Stonehenge,0fd5c6a325efeeb9.jpg,images/01.Stonehenge/0fd5c6a325efeeb9.jpg
01.Stonehenge,103c37c2afacc517.jpg,images/01.Stonehenge/103c37c2afacc517.jpg
01.Stonehenge,11f3cdc7f155cc69.jpg,images/01.Stonehenge/11f3cdc7f155cc69.jpg
01.Stonehenge,279d4a45fb6c8aab.jpg,images/01.Stonehenge/279d4a45fb6c8aab.jpg
01.Stonehenge,350362797eaf35ff.jpg,images/01.Stonehenge/350362797eaf35ff.jpg
01.Stonehenge,36bebb5a1c69bfdf.jpg,images/01.Stonehenge/36bebb5a1c69bfdf.jpg
01.Stonehenge,4169404dc415eb89.jpg,images/01.Stonehenge/4169404dc415eb89.jpg
01.Stonehenge,44844e0d75dc1ac2.jpg,images/01.Stonehenge/44844e0d75dc1ac2.jpg
01.Stonehenge,4a85a2f499fd2e77.jpg,images/01.Stonehenge/4a85a2f499fd2e77.jpg
01.Stonehenge,4dbc1f5237c1a344.jpg,images/01.Stonehenge/4dbc1f5237c1a344.jpg
01.Stonehenge,5513c33699d486bd.jpg,images/01.Stonehenge/5513c33699d486bd.jpg
01.Stonehenge,5831701c45048afd.jpg,images/01.Stonehenge/5831701c45048afd.jpg
01.Stonehenge,5b022dbd3a541a37.jpg,images/01.Stonehenge/5b022dbd3a541a37.jpg
01.Stonehenge,607343c1f67abedc.jpg,images/01.Stonehenge/607343c1f67abedc.jpg
01.Stonehenge,6abac5859ec334b0.jpg,images/01.Stonehenge/6abac5859ec334b0.jpg
01.Stonehenge,6e4bd0e827ade5ab.jpg,images/01.Stonehenge/6e4bd0e827ade5ab.jpg
01.Stonehenge,7638b318b037ec06.jpg,images/01.Stonehenge/7638b318b037ec06.jpg
01.Stonehenge,7b38a3fa5b58466c.jpg,images/01.Stonehenge/7b38a3fa5b58466c.jpg
01.Stonehenge,7cadd9ffc1d24563.jpg,images/01.Stonehenge/7cadd9ffc1d24563.jpg
02.Golden_Gate_Bridge,05b38aa278434634.jpg,images/02.Golden_Gate_Bridge/05b38aa278434634.jpg
02.Golden_Gate_Bridge,06c61554e88b89e5.jpg,images/02.Golden_Gate_Bridge/06c61554e88b89e5.jpg
02.Golden_Gate_Bridge,09dc6c46bc0ee0be.jpg,images/02.Golden_Gate_Bridge/09dc6c46bc0ee0be.jpg
02.Golden_Gate_Bridge,0bf1b04c10d7451e.jpg,images/02.Golden_Gate_Bridge/0bf1b04c10d7451e.jpg
02.Golden_Gate_Bridge,10a6a19435ed04df.jpg,images/02.Golden_Gate_Bridge/10a6a19435ed04df.jpg
02.Golden_Gate_Bridge,190f3bae17c32c37.jpg,images/02.Golden_Gate_Bridge/190f3bae17c32c37.jpg
02.Golden_Gate_Bridge,1bc7a7f05288153b.jpg,images/02.Golden_Gate_Bridge/1bc7a7f05288153b.jpg
02.Golden_Gate_Bridge,1d59a00fd6cee0a0.jpg,images/02.Golden_Gate_Bridge/1d59a00fd6cee0a0.jpg
02.Golden_Gate_Bridge,239be65efcaf5023.jpg,images/02.Golden_Gate_Bridge/239be65efcaf5023.jpg
02.Golden_Gate_Bridge,26df3aa48caa530e.jpg,images/02.Golden_Gate_Bridge/26df3aa48caa530e.jpg
02.Golden_Gate_Bridge,29a7d7af75a1c3a4.jpg,images/02.Golden_Gate_Bridge/29a7d7af75a1c3a4.jpg
02.Golden_Gate_Bridge,3ec9df2b35810818.jpg,images/02.Golden_Gate_Bridge/3ec9df2b35810818.jpg
02.Golden_Gate_Bridge,426061e5e52fe1ec.jpg,images/02.Golden_Gate_Bridge/426061e5e52fe1ec.jpg
02.Golden_Gate_Bridge,52ad854a8e41f829.jpg,images/02.Golden_Gate_Bridge/52ad854a8e41f829.jpg
02.Golden_Gate_Bridge,52f30109df592659.jpg,images/02.Golden_Gate_Bridge/52f30109df592659.jpg
02.Golden_Gate_Bridge,531f4442c745e08b.jpg,images/02.Golden_Gate_Bridge/531f4442c745e08b.jpg
02.Golden_Gate_Bridge,5668ec7f7a0ed322.jpg,images/02.Golden_Gate_Bridge/5668ec7f7a0ed322.jpg
02.Golden_Gate_Bridge,5ed314bab8075930.jpg,images/02.Golden_Gate_Bridge/5ed314bab8075930.jpg
02.Golden_Gate_Bridge,5f2dc7b0264605ca.jpg,images/02.Golden_Gate_Bridge/5f2dc7b0264605ca.jpg
02.Golden_Gate_Bridge,5f564fa30459f805.jpg,images/02.Golden_Gate_Bridge/5f564fa30459f805.jpg
02.Golden_Gate_Bridge,68711aa5e4a629e2.jpg,images/02.Golden_Gate_Bridge/68711aa5e4a629e2.jpg
02.Golden_Gate_Bridge,6897e17953306c3c.jpg,images/02.Golden_Gate_Bridge/6897e17953306c3c.jpg
02.Golden_Gate_Bridge,69a141b6b70d6db5.jpg,images/02.Golden_Gate_Bridge/69a141b6b70d6db5.jpg
02.Golden_Gate_Bridge,69ca9ee121517073.jpg,images/02.Golden_Gate_Bridge/69ca9ee121517073.jpg
02.Golden_Gate_Bridge,6d9b1f06226cffd4.jpg,images/02.Golden_Gate_Bridge/6d9b1f06226cffd4.jpg
03.Eiffel_Tower,065ef352cf97f8c3.jpg,images/03.Eiffel_Tower/065ef352cf97f8c3.jpg
03.Eiffel_Tower,0a9146ab47a7a68d.jpg,images/03.Eiffel_Tower/0a9146ab47a7a68d.jpg
03.Eiffel_Tower,123f0105ff530f43.jpg,images/03.Eiffel_Tower/123f0105ff530f43.jpg
03.Eiffel_Tower,17ef15b876d5bcbd.jpg,images/03.Eiffel_Tower/17ef15b876d5bcbd.jpg
03.Eiffel_Tower,1862e81bd7c3121a.jpg,images/03.Eiffel_Tower/1862e81bd7c3121a.jpg
03.Eiffel_Tower,1d1b7350bd51f3fc.jpg,images/03.Eiffel_Tower/1d1b7350bd51f3fc.jpg
03.Eiffel_Tower,2328bfff757f5820.jpg,images/03.Eiffel_Tower/2328bfff757f5820.jpg
03.Eiffel_Tower,26f82dab964ef649.jpg,images/03.Eiffel_Tower/26f82dab964ef649.jpg
03.Eiffel_Tower,2d25fcc33e319dda.jpg,images/03.Eiffel_Tower/2d25fcc33e319dda.jpg
03.Eiffel_Tower,316c1a027d414a43.jpg,images/03.Eiffel_Tower/316c1a027d414a43.jpg
03.Eiffel_Tower,37fdaed962a8fa5c.jpg,images/03.Eiffel_Tower/37fdaed962a8fa5c.jpg
03.Eiffel_Tower,3828627c8730f160.jpg,images/03.Eiffel_Tower/3828627c8730f160.jpg
03.Eiffel_Tower,3b29af5d2f08c164.jpg,images/03.Eiffel_Tower/3b29af5d2f08c164.jpg
03.Eiffel_Tower,3eee787a6bbb2d03.jpg,images/03.Eiffel_Tower/3eee787a6bbb2d03.jpg
03.Eiffel_Tower,4bd563c59764af05.jpg,images/03.Eiffel_Tower/4bd563c59764af05.jpg
03.Eiffel_Tower,4d5545525a2ec91c.jpg,images/03.Eiffel_Tower/4d5545525a2ec91c.jpg
03.Eiffel_Tower,4fb924d9a0313c07.jpg,images/03.Eiffel_Tower/4fb924d9a0313c07.jpg
03.Eiffel_Tower,50066b5987903a45.jpg,images/03.Eiffel_Tower/50066b5987903a45.jpg
03.Eiffel_Tower,58d099b15ee74b73.jpg,images/03.Eiffel_Tower/58d099b15ee74b73.jpg
03.Eiffel_Tower,5ad80dcbdbba91b6.jpg,images/03.Eiffel_Tower/5ad80dcbdbba91b6.jpg
03.Eiffel_Tower,62d4f60069856c34.jpg,images/03.Eiffel_Tower/62d4f60069856c34.jpg
03.Eiffel_Tower,682c2a71f5fdf970.jpg,images/03.Eiffel_Tower/682c2a71f5fdf970.jpg
03.Eiffel_Tower,6f694799da1bdde9.jpg,images/03.Eiffel_Tower/6f694799da1bdde9.jpg
03.Eiffel_Tower,71aa1d53bc6f9198.jpg,images/03.Eiffel_Tower/71aa1d53bc6f9198.jpg
03.Eiffel_Tower,72036f7d149b8d8e.jpg,images/03.Eiffel_Tower/72036f7d149b8d8e.jpg
04.Soreq_Cave,0ba02be597513a37.jpg,images/04.Soreq_Cave/0ba02be597513a37.jpg
04.Soreq_Cave,0f9c9addb8d80169.jpg,images/04.Soreq_Cave/0f9c9addb8d80169.jpg
04.Soreq_Cave,160fa35c588c0893.jpg,images/04.Soreq_Cave/160fa35c588c0893.jpg
04.Soreq_Cave,18dbbad48a83a742.jpg,images/04.Soreq_Cave/18dbbad48a83a742.jpg
04.Soreq_Cave,1d65f17bba8bae26.jpg,images/04.Soreq_Cave/1d65f17bba8bae26.jpg
04.Soreq_Cave,2f6b1b995778b892.jpg,images/04.Soreq_Cave/2f6b1b995778b892.jpg
04.Soreq_Cave,328dd174be9569dc.jpg,images/04.Soreq_Cave/328dd174be9569dc.jpg
04.Soreq_Cave,3379d7e81df60570.jpg,images/04.Soreq_Cave/3379d7e81df60570.jpg
04.Soreq_Cave,3bf70eedbdcdfb3c.jpg,images/04.Soreq_Cave/3bf70eedbdcdfb3c.jpg
04.Soreq_Cave,41a4ea4607860b43.jpg,images/04.Soreq_Cave/41a4ea4607860b43.jpg
04.Soreq_Cave,4228565e5f240d99.jpg,images/04.Soreq_Cave/4228565e5f240d99.jpg
04.Soreq_Cave,43c57e2c753af22d.jpg,images/04.Soreq_Cave/43c57e2c753af22d.jpg
04.Soreq_Cave,4530758f1aef046e.jpg,images/04.Soreq_Cave/4530758f1aef046e.jpg
04.Soreq_Cave,45ef51f606094570.jpg,images/04.Soreq_Cave/45ef51f606094570.jpg
04.Soreq_Cave,4ac3cebe84deeda6.jpg,images/04.Soreq_Cave/4ac3cebe84deeda6.jpg
04.Soreq_Cave,5182a3817bd82bce.jpg,images/04.Soreq_Cave/5182a3817bd82bce.jpg
04.Soreq_Cave,581cfaa4280a860d.jpg,images/04.Soreq_Cave/581cfaa4280a860d.jpg
04.Soreq_Cave,5ac63151b7523031.jpg,images/04.Soreq_Cave/5ac63151b7523031.jpg
04.Soreq_Cave,5ceeba90aefb2013.jpg,images/04.Soreq_Cave/5ceeba90aefb2013.jpg
04.Soreq_Cave,6145eb821e73056b.jpg,images/04.Soreq_Cave/6145eb821e73056b.jpg
04.Soreq_Cave,631f60b675732c47.jpg,images/04.Soreq_Cave/631f60b675732c47.jpg
04.Soreq_Cave,6a0061e5bab502b3.jpg,images/04.Soreq_Cave/6a0061e5bab502b3.jpg
04.Soreq_Cave,6fc5fba32fc9c245.jpg,images/04.Soreq_Cave/6fc5fba32fc9c245.jpg
04.Soreq_Cave,7a011740938cec0b.jpg,images/04.Soreq_Cave/7a011740938cec0b.jpg
04.Soreq_Cave,7bfafd0deec69f8d.jpg,images/04.Soreq_Cave/7bfafd0deec69f8d.jpg
05.Pont_du_Gard,00a5552acdff3c1b.jpg,images/05.Pont_du_Gard/00a5552acdff3c1b.jpg
05.Pont_du_Gard,09f3f3f9f3a95826.jpg,images/05.Pont_du_Gard/09f3f3f9f3a95826.jpg
05.Pont_du_Gard,0e24d67627f61a2d.jpg,images/05.Pont_du_Gard/0e24d67627f61a2d.jpg
05.Pont_du_Gard,103f34e30b746bd7.jpg,images/05.Pont_du_Gard/103f34e30b746bd7.jpg
05.Pont_du_Gard,1e96dd40aeaca70b.jpg,images/05.Pont_du_Gard/1e96dd40aeaca70b.jpg
05.Pont_du_Gard,32a498e9b807431f.jpg,images/05.Pont_du_Gard/32a498e9b807431f.jpg
05.Pont_du_Gard,346dd462a8d25c44.jpg,images/05.Pont_du_Gard/346dd462a8d25c44.jpg
05.Pont_du_Gard,37a648d99c6c5231.jpg,images/05.Pont_du_Gard/37a648d99c6c5231.jpg
05.Pont_du_Gard,3cc3c53853f93577.jpg,images/05.Pont_du_Gard/3cc3c53853f93577.jpg
05.Pont_du_Gard,42ad739800457e34.jpg,images/05.Pont_du_Gard/42ad739800457e34.jpg
05.Pont_du_Gard,460f9442170554e6.jpg,images/05.Pont_du_Gard/460f9442170554e6.jpg
05.Pont_du_Gard,4b6fcf0f5903a642.jpg,images/05.Pont_du_Gard/4b6fcf0f5903a642.jpg
05.Pont_du_Gard,4cf664622b76f0e0.jpg,images/05.Pont_du_Gard/4cf664622b76f0e0.jpg
05.Pont_du_Gard,51af7c182574a1dc.jpg,images/05.Pont_du_Gard/51af7c182574a1dc.jpg
05.Pont_du_Gard,53cd468da4b61da4.jpg,images/05.Pont_du_Gard/53cd468da4b61da4.jpg
05.Pont_du_Gard,5994e4455598cf20.jpg,images/05.Pont_du_Gard/5994e4455598cf20.jpg
05.Pont_du_Gard,5d5062d3f9d4d60c.jpg,images/05.Pont_du_Gard/5d5062d3f9d4d60c.jpg
05.Pont_du_Gard,5e7465194837667e.jpg,images/05.Pont_du_Gard/5e7465194837667e.jpg
05.Pont_du_Gard,5ed41e44bbd3ab93.jpg,images/05.Pont_du_Gard/5ed41e44bbd3ab93.jpg
05.Pont_du_Gard,667f5aa8cc29eb09.jpg,images/05.Pont_du_Gard/667f5aa8cc29eb09.jpg
05.Pont_du_Gard,6ba30e95e35768bf.jpg,images/05.Pont_du_Gard/6ba30e95e35768bf.jpg
05.Pont_du_Gard,6d33150d95313039.jpg,images/05.Pont_du_Gard/6d33150d95313039.jpg
05.Pont_du_Gard,6e1415e1468d2f72.jpg,images/05.Pont_du_Gard/6e1415e1468d2f72.jpg
05.Pont_du_Gard,71ced0aea8dabcf5.jpg,images/05.Pont_du_Gard/71ced0aea8dabcf5.jpg
05.Pont_du_Gard,7465b557956b31ce.jpg,images/05.Pont_du_Gard/7465b557956b31ce.jpg
06.Brooklyn_Bridge,0667e5a818af1682.jpg,images/06.Brooklyn_Bridge/0667e5a818af1682.jpg
06.Brooklyn_Bridge,11a81fe38b0333ca.jpg,images/06.Brooklyn_Bridge/11a81fe38b0333ca.jpg
06.Brooklyn_Bridge,19a921ead218a512.jpg,images/06.Brooklyn_Bridge/19a921ead218a512.jpg
06.Brooklyn_Bridge,1bf23ff9a117fe76.jpg,images/06.Brooklyn_Bridge/1bf23ff9a117fe76.jpg
06.Brooklyn_Bridge,20e2cfd233861d8f.jpg,images/06.Brooklyn_Bridge/20e2cfd233861d8f.jpg
06.Brooklyn_Bridge,2344c427849d67e4.jpg,images/06.Brooklyn_Bridge/2344c427849d67e4.jpg
06.Brooklyn_Bridge,24ef81c716479ba7.jpg,images/06.Brooklyn_Bridge/24ef81c716479ba7.jpg
06.Brooklyn_Bridge,25005e1eaacf5bb5.jpg,images/06.Brooklyn_Bridge/25005e1eaacf5bb5.jpg
06.Brooklyn_Bridge,26421bec5cb3e3bf.jpg,images/06.Brooklyn_Bridge/26421bec5cb3e3bf.jpg
06.Brooklyn_Bridge,2b2061fbe0abcb7c.jpg,images/06.Brooklyn_Bridge/2b2061fbe0abcb7c.jpg
06.Brooklyn_Bridge,2e741fe4fd93d0af.jpg,images/06.Brooklyn_Bridge/2e741fe4fd93d0af.jpg
06.Brooklyn_Bridge,346f81424c9f27b3.jpg,images/06.Brooklyn_Bridge/346f81424c9f27b3.jpg
06.Brooklyn_Bridge,358fa32257efa82e.jpg,images/06.Brooklyn_Bridge/358fa32257efa82e.jpg
06.Brooklyn_Bridge,39f5bd7f1f5674c6.jpg,images/06.Brooklyn_Bridge/39f5bd7f1f5674c6.jpg
06.Brooklyn_Bridge,3a68df99726be619.jpg,images/06.Brooklyn_Bridge/3a68df99726be619.jpg
06.Brooklyn_Bridge,3ade588951f64b53.jpg,images/06.Brooklyn_Bridge/3ade588951f64b53.jpg
06.Brooklyn_Bridge,4bdf22a38ccc66c0.jpg,images/06.Brooklyn_Bridge/4bdf22a38ccc66c0.jpg
06.Brooklyn_Bridge,50af41123150c30d.jpg,images/06.Brooklyn_Bridge/50af41123150c30d.jpg
06.Brooklyn_Bridge,5cc75fcc7a747c27.jpg,images/06.Brooklyn_Bridge/5cc75fcc7a747c27.jpg
06.Brooklyn_Bridge,73b512432f2fe876.jpg,images/06.Brooklyn_Bridge/73b512432f2fe876.jpg
06.Brooklyn_Bridge,76b3106b046d3f45.jpg,images/06.Brooklyn_Bridge/76b3106b046d3f45.jpg
06.Brooklyn_Bridge,7cf5e6f685f695f3.jpg,images/06.Brooklyn_Bridge/7cf5e6f685f695f3.jpg
06.Brooklyn_Bridge,7d2d0d7692c6a8c1.jpg,images/06.Brooklyn_Bridge/7d2d0d7692c6a8c1.jpg
06.Brooklyn_Bridge,7e7a69178f7627f5.jpg,images/06.Brooklyn_Bridge/7e7a69178f7627f5.jpg
06.Brooklyn_Bridge,7ec07c188b3ae54e.jpg,images/06.Brooklyn_Bridge/7ec07c188b3ae54e.jpg
07.Great_Wall_of_China,01a7465354235975.jpg,images/07.Great_Wall_of_China/01a7465354235975.jpg
07.Great_Wall_of_China,060ff311447b3856.jpg,images/07.Great_Wall_of_China/060ff311447b3856.jpg
07.Great_Wall_of_China,069f91e3c6af74f1.jpg,images/07.Great_Wall_of_China/069f91e3c6af74f1.jpg
07.Great_Wall_of_China,1bbafeda99b166f6.jpg,images/07.Great_Wall_of_China/1bbafeda99b166f6.jpg
07.Great_Wall_of_China,21be5295611cc701.jpg,images/07.Great_Wall_of_China/21be5295611cc701.jpg
07.Great_Wall_of_China,25e08232feee7ea3.jpg,images/07.Great_Wall_of_China/25e08232feee7ea3.jpg
07.Great_Wall_of_China,2e84332ec226abed.jpg,images/07.Great_Wall_of_China/2e84332ec226abed.jpg
07.Great_Wall_of_China,31d1e49844b27b51.jpg,images/07.Great_Wall_of_China/31d1e49844b27b51.jpg
07.Great_Wall_of_China,324bc1d8216c3e0b.jpg,images/07.Great_Wall_of_China/324bc1d8216c3e0b.jpg
07.Great_Wall_of_China,35acf5b2749a7da3.jpg,images/07.Great_Wall_of_China/35acf5b2749a7da3.jpg
07.Great_Wall_of_China,36ce05592ae35bfc.jpg,images/07.Great_Wall_of_China/36ce05592ae35bfc.jpg
07.Great_Wall_of_China,377390d643c68dd8.jpg,images/07.Great_Wall_of_China/377390d643c68dd8.jpg
07.Great_Wall_of_China,3801feb260389a5a.jpg,images/07.Great_Wall_of_China/3801feb260389a5a.jpg
07.Great_Wall_of_China,38eaa99b8152f471.jpg,images/07.Great_Wall_of_China/38eaa99b8152f471.jpg
07.Great_Wall_of_China,3ce8ad91fdee1474.jpg,images/07.Great_Wall_of_China/3ce8ad91fdee1474.jpg
07.Great_Wall_of_China,41b8bfb5a88325aa.jpg,images/07.Great_Wall_of_China/41b8bfb5a88325aa.jpg
07.Great_Wall_of_China,4a7209de41431e9b.jpg,images/07.Great_Wall_of_China/4a7209de41431e9b.jpg
07.Great_Wall_of_China,4b84da8a610b2835.jpg,images/07.Great_Wall_of_China/4b84da8a610b2835.jpg
07.Great_Wall_of_China,50274aa3d0629743.jpg,images/07.Great_Wall_of_China/50274aa3d0629743.jpg
07.Great_Wall_of_China,5537edb7bc6e8046.jpg,images/07.Great_Wall_of_China/5537edb7bc6e8046.jpg
07.Great_Wall_of_China,556132f84bfe56b2.jpg,images/07.Great_Wall_of_China/556132f84bfe56b2.jpg
07.Great_Wall_of_China,66733aa4738e8e13.jpg,images/07.Great_Wall_of_China/66733aa4738e8e13.jpg
07.Great_Wall_of_China,6b132cb10b976a6a.jpg,images/07.Great_Wall_of_China/6b132cb10b976a6a.jpg
07.Great_Wall_of_China,75031f791afc6573.jpg,images/07.Great_Wall_of_China/75031f791afc6573.jpg
07.Great_Wall_of_China,7ce9f226aab173e2.jpg,images/07.Great_Wall_of_China/7ce9f226aab173e2.jpg
08.Temple_of_Olympian_Zeus,02b95fcdfad3fea6.jpg,images/08.Temple_of_Olympian_Zeus/02b95fcdfad3fea6.jpg
08.Temple_of_Olympian_Zeus,1007ea5e8d37f51f.jpg,images/08.Temple_of_Olympian_Zeus/1007ea5e8d37f51f.jpg
08.Temple_of_Olympian_Zeus,1e45662ec2e2b3d5.jpg,images/08.Temple_of_Olympian_Zeus/1e45662ec2e2b3d5.jpg
08.Temple_of_Olympian_Zeus,2687e52e2fda86cd.jpg,images/08.Temple_of_Olympian_Zeus/2687e52e2fda86cd.jpg
08.Temple_of_Olympian_Zeus,2995640d66bdff4d.jpg,images/08.Temple_of_Olympian_Zeus/2995640d66bdff4d.jpg
08.Temple_of_Olympian_Zeus,2baf4b97a3e23bde.jpg,images/08.Temple_of_Olympian_Zeus/2baf4b97a3e23bde.jpg
08.Temple_of_Olympian_Zeus,2e61a4adbe3a2471.jpg,images/08.Temple_of_Olympian_Zeus/2e61a4adbe3a2471.jpg
08.Temple_of_Olympian_Zeus,34aa0fbd65529602.jpg,images/08.Temple_of_Olympian_Zeus/34aa0fbd65529602.jpg
08.Temple_of_Olympian_Zeus,369252ca1cf94fdb.jpg,images/08.Temple_of_Olympian_Zeus/369252ca1cf94fdb.jpg
08.Temple_of_Olympian_Zeus,38a78003d39fec52.jpg,images/08.Temple_of_Olympian_Zeus/38a78003d39fec52.jpg
08.Temple_of_Olympian_Zeus,39b45a6258f6410b.jpg,images/08.Temple_of_Olympian_Zeus/39b45a6258f6410b.jpg
08.Temple_of_Olympian_Zeus,3f574786adbed718.jpg,images/08.Temple_of_Olympian_Zeus/3f574786adbed718.jpg
08.Temple_of_Olympian_Zeus,41ee02888dfac326.jpg,images/08.Temple_of_Olympian_Zeus/41ee02888dfac326.jpg
08.Temple_of_Olympian_Zeus,49a6dd4ca4499454.jpg,images/08.Temple_of_Olympian_Zeus/49a6dd4ca4499454.jpg
08.Temple_of_Olympian_Zeus,4f26904f32735871.jpg,images/08.Temple_of_Olympian_Zeus/4f26904f32735871.jpg
08.Temple_of_Olympian_Zeus,53c22a58c54fcbae.jpg,images/08.Temple_of_Olympian_Zeus/53c22a58c54fcbae.jpg
08.Temple_of_Olympian_Zeus,58b7b848bc959350.jpg,images/08.Temple_of_Olympian_Zeus/58b7b848bc959350.jpg
08.Temple_of_Olympian_Zeus,5bfb97d0ec99ddf9.jpg,images/08.Temple_of_Olympian_Zeus/5bfb97d0ec99ddf9.jpg
08.Temple_of_Olympian_Zeus,5eaecfb5d906417b.jpg,images/08.Temple_of_Olympian_Zeus/5eaecfb5d906417b.jpg
08.Temple_of_Olympian_Zeus,5f189523d6cec9ed.jpg,images/08.Temple_of_Olympian_Zeus/5f189523d6cec9ed.jpg
08.Temple_of_Olympian_Zeus,5f776cdb64561f8c.jpg,images/08.Temple_of_Olympian_Zeus/5f776cdb64561f8c.jpg
08.Temple_of_Olympian_Zeus,639cb1a4463b7e35.jpg,images/08.Temple_of_Olympian_Zeus/639cb1a4463b7e35.jpg
08.Temple_of_Olympian_Zeus,6c4eead9c295bf85.jpg,images/08.Temple_of_Olympian_Zeus/6c4eead9c295bf85.jpg
08.Temple_of_Olympian_Zeus,7570362a13127d2c.jpg,images/08.Temple_of_Olympian_Zeus/7570362a13127d2c.jpg
08.Temple_of_Olympian_Zeus,7b92093f8e09ecd4.jpg,images/08.Temple_of_Olympian_Zeus/7b92093f8e09ecd4.jpg
09.Menara_Gardens,54579aec-e92b-467a-b1c1-64b76fca4211.jfif,images/09.Menara_Gardens/54579aec-e92b-467a-b1c1-64b76fca4211.jfif
09.Menara_Gardens,5e7c315c-2e87-45c1-9ee9-9eb3df3f01eb.jfif,images/09.Menara_Gardens/5e7c315c-2e87-45c1-9ee9-9eb3df3f01eb.jfif
09.Menara_Gardens,7f385460-e53a-460e-8dc1-c8a248cc63ce.jfif,images/09.Menara_Gardens/7f385460-e53a-460e-8dc1-c8a248cc63ce.jfif
09.Menara_Gardens,c25edc33-3418-4cdf-a15d-59cccd728df2.jfif,images/09.Menara_Gardens/c25edc33-3418-4cdf-a15d-59cccd728df2.jfif
09.Menara_Gardens,fa6bf41c-02a0-4319-9fd1-ee07cf43c6c1.jfif,images/09.Menara_Gardens/fa6bf41c-02a0-4319-9fd1-ee07cf43c6c1.jfif
10.Kutubiyya_Mosque,2e71f9ee-d8fb-4828-ba8d-07fec3e4cafe.jfif,images/10.Kutubiyya_Mosque/2e71f9ee-d8fb-4828-ba8d-07fec3e4cafe.jfif
10.Kutubiyya_Mosque,4d553fac-78d8-4a26-8592-3044c85739b0.jfif,images/10.Kutubiyya_Mosque/4d553fac-78d8-4a26-8592-3044c85739b0.jfif
10.Kutubiyya_Mosque,89cb5afc-9bfa-4cd3-8fef-b640f963caa0.jfif,images/10.Kutubiyya_Mosque/89cb5afc-9bfa-4cd3-8fef-b640f963caa0.jfif
10.Kutubiyya_Mosque,af694cb1-e576-4c08-a10c-bb8f90f1398d.jfif,images/10.Kutubiyya_Mosque/af694cb1-e576-4c08-a10c-bb8f90f1398d.jfif
10.Kutubiyya_Mosque,d6465863-cacc-48bc-a7d1-740dc7c93cdd.jfif,images/10.Kutubiyya_Mosque/d6465863-cacc-48bc-a7d1-740dc7c93cdd.jfif

